Date,Day,Platform,Content Type,Theme,Post Title/Description,Hashtags,Link/CTA,Status,Notes
2025-01-06,Monday,Facebook,Problem-Solution,Motivation Monday,"Tired of being the ""reminder person"" in your group? Stop the WhatsApp chaos. GroupFund automates everything: automatic reminders, real-time tracking, member reliability scores. Join 100+ groups already using GroupFund.","#GroupFund #GroupContributions #BirthdayFunds #SecretSanta #ContributionTracking",Join waitlist link,Pending,Use Template 1
2025-01-06,Monday,Instagram,Carousel,Feature Tuesday,"Stop Chasing Contributions - 6-slide carousel showing problem â†’ solution â†’ features â†’ CTA","#GroupFund #GroupContributions #BirthdayFunds #SecretSanta #ContributionTracking #GroupGifts #FamilyFinance",Link in bio,Pending,Use Instagram Template 1
2025-01-06,Monday,Twitter,Quick Tip,Feature Tuesday,"ğŸ’¡ Quick tip: Set clear deadlines and use automatic reminders. GroupFund does both automatically. No more chasing people. Try it free: [LINK]","#GroupContributions #GroupFund",Waitlist link,Pending,Use Twitter Template 2
2025-01-07,Tuesday,Facebook,Feature Highlight,Feature Tuesday,"âœ¨ NEW: Member Reliability Scores - Before joining a group, see reliability score, on-time payment rate, total contributions, and member ratings. Make informed decisions.","#GroupFund #ReliabilityScores #GroupContributions #SmartFeatures",Join waitlist link,Pending,Use Template 2
2025-01-07,Tuesday,Instagram,Feature Highlight,Feature Tuesday,"âœ¨ NEW FEATURE: Member Reliability Scores - Swipe to see how it works. Make informed decisions. No surprises. No late payments.","#GroupFund #ReliabilityScores #GroupContributions #SmartFeatures #GroupManagement",Link in bio,Pending,Use Instagram Template 2
2025-01-07,Tuesday,Twitter,Feature Announcement,Feature Tuesday,"âœ¨ NEW: Member Reliability Scores. Before joining a group, see: ğŸ“Š Reliability score (0-100) â° On-time payment rate ğŸ’° Total contributions. Make informed decisions.","#GroupFund #ReliabilityScores",Waitlist link,Pending,Use Twitter Template 3
2025-01-08,Wednesday,Facebook,How-To,Wisdom Wednesday,"ğŸ“± How to Organize Your First Group Contribution in 5 Minutes: 1) Create your group 2) Set contribution amount 3) Invite members 4) Track payments 5) Get automatic reminders 6) Celebrate! ğŸ‰","#GroupFund #HowTo #GroupContributions #EasySetup",Join waitlist link,Pending,Use Template 3
2025-01-08,Wednesday,Instagram,Tips Post,Wisdom Wednesday,"ğŸ’¡ 5 Tips for Better Group Contributions: 1ï¸âƒ£ Set clear deadlines 2ï¸âƒ£ Use automatic reminders 3ï¸âƒ£ Track payments in real-time 4ï¸âƒ£ Check member reliability scores 5ï¸âƒ£ Celebrate when everyone pays! ğŸ‰","#GroupFund #Tips #GroupContributions #BestPractices #GroupManagement",Link in bio,Pending,Use Instagram Template 5
2025-01-08,Wednesday,Twitter,Stat/Data,Wisdom Wednesday,"ğŸ“Š The average group admin spends 3+ hours/month: â€¢ Sending payment reminders â€¢ Tracking who paid â€¢ Following up on late payments. GroupFund reduces this to 5 minutes. Save time. Stay organized.","#GroupFund #TimeSaving",Waitlist link,Pending,Use Twitter Template 4
2025-01-09,Thursday,Facebook,Testimonial,Testimonial Thursday,"ğŸ’¬ ""GroupFund saved our family group from chaos!"" - See how Sarah transformed her family's contribution management. Join 100+ other admins who've made the switch.","#Testimonial #GroupFund #SuccessStory #GroupContributions",Join waitlist link,Pending,Use Template 4
2025-01-09,Thursday,Instagram,Testimonial,Testimonial Thursday,"ğŸ’¬ ""GroupFund saved our family group from chaos!"" - Sarah, Family Group Admin. Join Sarah and 100+ other admins who've transformed their group contributions.","#Testimonial #GroupFund #SuccessStory #GroupContributions #UserStory",Link in bio,Pending,Use Instagram Template 4
2025-01-09,Thursday,Twitter,Testimonial,Testimonial Thursday,"ğŸ’¬ ""GroupFund saved our family group from chaos!"" Before GroupFund, I was spending hours tracking who paid. Now it's automatic. Game changer! - Sarah, Family Group Admin","#GroupFund #Testimonial",Waitlist link,Pending,Use Twitter Template 7
2025-01-10,Friday,Facebook,Question/Engagement,Fun Friday,"ğŸ¤” Quick question for all group admins: What's your biggest challenge with group contributions? A) Chasing people for payments B) Tracking who paid C) Setting reminders D) All of the above. Drop your answer below! ğŸ‘‡","#GroupFund #GroupContributions #Question #Engagement",Join waitlist link,Pending,Use Template 7
2025-01-10,Friday,Instagram,Question/Engagement,Fun Friday,"ğŸ¤” Quick question: What's your biggest challenge with group contributions? A) Chasing people B) Tracking who paid C) Setting reminders D) All of the above ğŸ˜… Comment your answer below! ğŸ‘‡","#GroupFund #Question #Engagement #GroupContributions #Poll",Link in bio,Pending,Use Instagram Template 6
2025-01-10,Friday,Twitter,Question,Fun Friday,"ğŸ¤” Quick question for group admins: What's your biggest challenge with group contributions? A) Chasing people B) Tracking who paid C) Setting reminders D) All of the above. Reply with your answer! ğŸ‘‡","#GroupFund #GroupContributions",Waitlist link,Pending,Use Twitter Template 5
2025-01-11,Saturday,Facebook,Use Case,Success Saturday,"ğŸ‘¨â€ğŸ‘©â€ğŸ‘§â€ğŸ‘¦ Perfect for Families - Transform your family WhatsApp group into an organized contribution system. Fair, transparent, stress-free contributions. Perfect for birthdays, shared subscriptions, family events, and holiday gifts.","#GroupFund #FamilyContributions #BirthdayFunds #FamilyFinance",Join waitlist link,Pending,Use Template 8
2025-01-11,Saturday,Instagram,Use Case,Success Saturday,"ğŸ‘¨â€ğŸ‘©â€ğŸ‘§â€ğŸ‘¦ Perfect for Families - Transform your family WhatsApp group into an organized contribution system. âœ… Fair and transparent âœ… Stress-free contributions âœ… Automatic reminders âœ… Real-time tracking","#GroupFund #FamilyContributions #BirthdayFunds #FamilyFinance #GroupGifts",Link in bio,Pending,Use Instagram Template 7
2025-01-11,Saturday,Twitter,Use Case,Success Saturday,"ğŸ‘¨â€ğŸ‘©â€ğŸ‘§â€ğŸ‘¦ Perfect for Families - Transform your family WhatsApp group into an organized contribution system. âœ… Fair and transparent âœ… Stress-free contributions âœ… Automatic reminders","#GroupFund #FamilyContributions",Waitlist link,Pending,Use Twitter Template 6
2025-01-12,Sunday,Facebook,Comparison,Community Engagement,"âŒ OLD WAY: WhatsApp + Excel + Manual reminders vs âœ… GROUPFUND WAY: Centralized dashboard + Automatic reminders + Real-time tracking. Which would you choose? ğŸ‘‡","#GroupFund #BetterWay #GroupContributions #Upgrade",Join waitlist link,Pending,Use Template 5
2025-01-12,Sunday,Instagram,Before/After,Community Engagement,"BEFORE vs AFTER using GroupFund - BEFORE: âŒ WhatsApp chaos âŒ Excel spreadsheets âŒ Manual reminders âŒ Hours of work. AFTER: âœ… Centralized dashboard âœ… Automatic reminders âœ… Real-time tracking âœ… 5 minutes per week","#GroupFund #BeforeAfter #GroupContributions #Transformation #Upgrade",Link in bio,Pending,Use Instagram Template 3
2025-01-12,Sunday,Twitter,Comparison,Community Engagement,"âŒ OLD WAY: WhatsApp + Excel + Manual reminders. âœ… GROUPFUND WAY: Centralized dashboard + Automatic reminders + Real-time tracking. Which would you choose? ğŸ‘‡","#GroupFund #BetterWay",Waitlist link,Pending,Use Twitter Template 8
2025-01-13,Monday,Facebook,Stat/Data,Motivation Monday,"ğŸ“Š Did you know? The average group admin spends 3+ hours per month sending payment reminders, tracking who paid, following up on late payments, and updating spreadsheets. GroupFund reduces this to 5 minutes. Save time. Stay organized.","#GroupFund #TimeSaving #GroupContributions #Efficiency",Join waitlist link,Pending,Use Template 6
2025-01-13,Monday,Instagram,Carousel,Motivation Monday,"Time-Saving Carousel: Show the 3+ hours vs 5 minutes comparison with visuals","#GroupFund #TimeSaving #GroupContributions #Efficiency #Productivity",Link in bio,Pending,Create new carousel
2025-01-13,Monday,Twitter,Quick Tip,Motivation Monday,"ğŸ’¡ Monday motivation: Stop spending hours on group contributions. GroupFund automates reminders and tracking. Get your time back. Try it free: [LINK]","#GroupFund #MondayMotivation #TimeSaving",Waitlist link,Pending,Create new tweet
2025-01-14,Tuesday,Facebook,Christmas/Seasonal,Feature Tuesday,"ğŸ„ Organize Your Christmas Contributions & Secret Santa 2025 - Stop the holiday stress! GroupFund makes organizing Christmas contributions easy. Set deadlines, track payments, coordinate Secret Santa, see reliability scores.","#Christmas2025 #SecretSanta #GroupFund #HolidayGifts #ChristmasContributions",Join waitlist link,Pending,Use Template 9
2025-01-14,Tuesday,Instagram,Christmas/Seasonal,Feature Tuesday,"ğŸ„ Organize Your Christmas Contributions & Secret Santa 2025 - Stop the holiday stress! GroupFund makes organizing Christmas contributions easy. âœ… Set deadlines âœ… Track payments âœ… Coordinate Secret Santa âœ… Reliability scores","#Christmas2025 #SecretSanta #GroupFund #HolidayGifts #ChristmasContributions #HolidayPlanning",Link in bio,Pending,Use Instagram Template 8
2025-01-14,Tuesday,Twitter,Christmas/Seasonal,Feature Tuesday,"ğŸ„ Organize Your Christmas Contributions & Secret Santa 2025. Stop the holiday stress! GroupFund makes it easy: deadlines, tracking, coordination, reliability scores. Multi-currency support.","#Christmas2025 #SecretSanta #GroupFund",Waitlist link,Pending,Create new tweet
2025-01-15,Wednesday,Facebook,CTA,Wisdom Wednesday,"ğŸš€ Ready to Organize Your Group? Join 100+ groups already on the waitlist for GroupFund. What you get: âœ¨ Free to start âœ¨ Automatic reminders âœ¨ Real-time tracking âœ¨ Member reliability scores âœ¨ Multi-currency support. Don't wait. Start today.","#GroupFund #GroupContributions #FreeToStart #JoinWaitlist",Join waitlist link,Pending,Use Template 10
2025-01-15,Wednesday,Instagram,CTA,Wisdom Wednesday,"ğŸš€ Ready to Organize Your Group? Join 100+ groups already on the waitlist. âœ¨ Free to start âœ¨ Automatic reminders âœ¨ Real-time tracking âœ¨ Reliability scores âœ¨ Multi-currency. Don't wait. Start today!","#GroupFund #GroupContributions #FreeToStart #JoinWaitlist #GetStarted",Link in bio,Pending,Create new post
2025-01-15,Wednesday,Twitter,CTA,Wisdom Wednesday,"ğŸš€ Ready to Organize Your Group? Join 100+ groups on the waitlist. âœ¨ Free to start âœ¨ Automatic reminders âœ¨ Real-time tracking âœ¨ Reliability scores. Don't wait. Start today: [LINK]","#GroupFund #JoinWaitlist",Waitlist link,Pending,Create new tweet

